{
    "lr0.001_bs32_ep5_dp0.0_l20.0": {
        "loss": [
            0.38837726553082463,
            0.10307496925828358,
            0.07162729229517281,
            0.05694872318531076,
            0.04829911155160516
        ],
        "accuracy": [
            96.28,
            97.46,
            97.98,
            98.46,
            98.47
        ],
        "time": [
            37.1666624546051,
            39.83132839202881,
            39.97158098220825,
            39.2304482460022,
            38.201597452163696
        ]
    },
    "lr0.001_bs128_ep5_dp0.0_l20.0": {
        "loss": [
            0.8502439772015187,
            0.2532745727153221,
            0.1734430732122108,
            0.1327189734177803,
            0.10708398042695481
        ],
        "accuracy": [
            91.61,
            94.74,
            96.11,
            97.05,
            97.52
        ],
        "time": [
            34.48038864135742,
            33.811200857162476,
            33.708269119262695,
            35.319392681121826,
            33.950947284698486
        ]
    },
    "lr0.1_bs32_ep5_dp0.0_l20.0": {
        "loss": [
            0.4074241533516596,
            0.3153557875001182,
            NaN,
            NaN,
            NaN
        ],
        "accuracy": [
            94.43,
            92.94,
            9.8,
            9.8,
            9.8
        ],
        "time": [
            38.51814413070679,
            38.75228548049927,
            38.321922063827515,
            37.43395519256592,
            38.15741300582886
        ]
    },
    "lr0.1_bs128_ep5_dp0.0_l20.0": {
        "loss": [
            0.18529208584515844,
            0.04874064689075181,
            0.03795081709967311,
            0.025570549663709304,
            0.024260050312530045
        ],
        "accuracy": [
            98.62,
            98.31,
            98.88,
            98.86,
            99.06
        ],
        "time": [
            33.380942583084106,
            32.892991065979004,
            32.939592123031616,
            32.91385245323181,
            33.64537310600281
        ]
    }
}