{"loss": [0.1916464469139911, 0.05087513489368707, 0.03523403962671723, 0.026811741649882863, 0.02118454645273647], "accuracy": [98.29, 98.62, 99.05, 98.54, 99.0], "time": [34.14614272117615, 35.622254610061646, 38.456865310668945, 33.9720094203949, 34.40144658088684]}